<?xml version="1.0" encoding="UTF-8"?>
<mule xmlns:doc="http://www.mulesoft.org/schema/mule/documentation" xmlns="http://www.mulesoft.org/schema/mule/core" xmlns:apikit="http://www.mulesoft.org/schema/mule/apikit" xmlns:http="http://www.mulesoft.org/schema/mule/http" xmlns:spring="http://www.springframework.org/schema/beans" xmlns:xsi="http://www.w3.org/2001/XMLSchema-instance" xsi:schemaLocation="http://www.mulesoft.org/schema/mule/core http://www.mulesoft.org/schema/mule/core/current/mule.xsd
http://www.mulesoft.org/schema/mule/http http://www.mulesoft.org/schema/mule/http/current/mule-http.xsd
http://www.mulesoft.org/schema/mule/apikit http://www.mulesoft.org/schema/mule/apikit/current/mule-apikit.xsd
http://www.springframework.org/schema/beans http://www.springframework.org/schema/beans/spring-beans-3.1.xsd">

    <apikit:config name="belfort-training-api-config" raml="belfort-training-api.raml" consoleEnabled="false" doc:name="Router"/>
    <flow name="belfort-training-api-main">
        <http:listener config-ref="HTTP_Listener_Configuration1" path="/api/*" doc:name="HTTP"/>
        <apikit:router config-ref="belfort-training-api-config" doc:name="APIkit Router"/>
        <exception-strategy ref="belfort-training-api-apiKitGlobalExceptionMapping" doc:name="Reference Exception Strategy"/>
    </flow>
    <flow name="belfort-training-api-console">
        <http:listener config-ref="HTTP_Listener_Configuration1" path="/console/*" doc:name="HTTP"/>
        <apikit:console config-ref="belfort-training-api-config" doc:name="APIkit Console"/>
    </flow>
    <flow name="put:/user/{ID}:application/json:belfort-training-api-config">
        <set-payload value="{&#xA;&quot;message&quot; : &quot;User has been successfully updated.&quot;&#xA;}" doc:name="Set Payload"/>
    </flow>
    <flow name="delete:/user/{ID}:belfort-training-api-config">
        <flow-ref name="deleteUserById" doc:name="deleteUserById"/>

    </flow>
    <flow name="get:/courses:belfort-training-api-config">
        <flow-ref name="getCourses" doc:name="getCourses"/>

    </flow>
    <flow name="get:/user:belfort-training-api-config">
        <flow-ref name="getUsers" doc:name="getUsers"/>

    </flow>
    <flow name="get:/user/{ID}:belfort-training-api-config">
        <flow-ref name="getUserById" doc:name="getUserById"/>

    </flow>
    <flow name="post:/user:application/json:belfort-training-api-config">
        <set-property propertyName="Content-Type" value="application/json" doc:name="Property"/>
        <flow-ref name="createNewUser" doc:name="createNewUser"/>

    </flow>
    <apikit:mapping-exception-strategy name="belfort-training-api-apiKitGlobalExceptionMapping">
        <apikit:mapping statusCode="404">
            <apikit:exception value="org.mule.module.apikit.exception.NotFoundException" />
            <set-property propertyName="Content-Type" value="application/json" doc:name="Property"/>
            <set-payload value="{ &quot;message&quot;: &quot;Resource not found&quot; }" doc:name="Set Payload"/>
        </apikit:mapping>
        <apikit:mapping statusCode="405">
            <apikit:exception value="org.mule.module.apikit.exception.MethodNotAllowedException" />
            <set-property propertyName="Content-Type" value="application/json" doc:name="Property"/>
            <set-payload value="{ &quot;message&quot;: &quot;Method not allowed&quot; }" doc:name="Set Payload"/>
        </apikit:mapping>
        <apikit:mapping statusCode="415">
            <apikit:exception value="org.mule.module.apikit.exception.UnsupportedMediaTypeException" />
            <set-property propertyName="Content-Type" value="application/json" doc:name="Property"/>
            <set-payload value="{ &quot;message&quot;: &quot;Unsupported media type&quot; }" doc:name="Set Payload"/>
        </apikit:mapping>
        <apikit:mapping statusCode="406">
            <apikit:exception value="org.mule.module.apikit.exception.NotAcceptableException" />
            <set-property propertyName="Content-Type" value="application/json" doc:name="Property"/>
            <set-payload value="{ &quot;message&quot;: &quot;Not acceptable&quot; }" doc:name="Set Payload"/>
        </apikit:mapping>
        <apikit:mapping statusCode="400">
            <apikit:exception value="org.mule.module.apikit.exception.BadRequestException" />
            <set-property propertyName="Content-Type" value="application/json" doc:name="Property"/>
            <set-payload value="{ &quot;message&quot;: &quot;Bad request&quot; }" doc:name="Set Payload"/>
        </apikit:mapping>
    </apikit:mapping-exception-strategy>
</mule>
